ZCTA5_o,ZCTA5_d,pop_wt_visitor_flows
53508,53508,82
53508,53515,0
53508,53516,0
53508,53517,0
53508,53521,2
53508,53523,0
53508,53527,1
53508,53528,1
53508,53529,0
53508,53531,0
53508,53532,0
53508,53534,0
53508,53544,0
53508,53555,0
53508,53558,2
53508,53559,0
53508,53560,0
53508,53562,18
53508,53571,0
53508,53572,63
53508,53574,1
53508,53575,30
53508,53583,1
53508,53589,4
53508,53590,5
53508,53593,126
53508,53597,2
53508,53598,0
53508,53703,6
53508,53704,6
53508,53705,63
53508,53706,0
53508,53711,85
53508,53713,32
53508,53714,0
53508,53715,24
53508,53716,15
53508,53717,10
53508,53718,10
53508,53719,111
53508,53726,0
53508,53792,0
53508,53911,0
53508,53925,0
53515,53508,0
53515,53515,35
53515,53517,3
53515,53521,0
53515,53527,1
53515,53528,26
53515,53529,0
53515,53531,0
53515,53532,0
53515,53555,0
53515,53558,2
53515,53559,1
53515,53560,64
53515,53562,38
53515,53571,0
53515,53572,40
53515,53575,0
53515,53583,0
53515,53589,0
53515,53590,5
53515,53593,27
53515,53594,0
53515,53597,11
53515,53598,0
53515,53703,6
53515,53704,3
53515,53705,23
53515,53706,1
53515,53711,21
53515,53713,1
53515,53714,2
53515,53715,2
53515,53716,2
53515,53717,22
53515,53718,1
53515,53719,45
53515,53726,1
53515,53792,0
53515,53911,0
53515,53925,0
53516,53508,0
53516,53515,0
53516,53516,0
53516,53517,0
53516,53521,0
53516,53527,0
53516,53528,0
53516,53529,0
53516,53531,0
53516,53532,0
53516,53544,0
53516,53555,0
53516,53558,0
53516,53560,0
53516,53562,0
53516,53571,0
53516,53572,0
53516,53574,0
53516,53575,0
53516,53583,0
53516,53589,0
53516,53590,0
53516,53593,0
53516,53597,0
53516,53598,0
53516,53703,0
53516,53704,0
53516,53705,0
53516,53706,0
53516,53711,0
53516,53713,0
53516,53714,0
53516,53715,0
53516,53716,0
53516,53717,0
53516,53718,0
53516,53719,0
53516,53726,0
53516,53792,0
53516,53911,0
53517,53508,0
53517,53515,6
53517,53516,0
53517,53517,6
53517,53521,0
53517,53527,0
53517,53528,9
53517,53529,0
53517,53531,0
53517,53532,1
53517,53544,0
53517,53555,0
53517,53558,0
53517,53560,9
53517,53562,23
53517,53571,0
53517,53572,98
53517,53574,0
53517,53575,3
53517,53583,0
53517,53589,0
53517,53590,2
53517,53593,51
53517,53597,1
53517,53598,0
53517,53703,4
53517,53704,1
53517,53705,15
53517,53706,0
53517,53711,13
53517,53713,7
53517,53714,0
53517,53715,2
53517,53716,3
53517,53717,22
53517,53718,0
53517,53719,37
53517,53726,0
53517,53792,0
53517,53911,0
53521,53508,9
53521,53515,0
53521,53516,0
53521,53517,1
53521,53521,10
53521,53527,3
53521,53528,2
53521,53529,0
53521,53531,0
53521,53532,1
53521,53544,0
53521,53558,10
53521,53562,21
53521,53572,3
53521,53574,0
53521,53575,147
53521,53589,45
53521,53590,9
53521,53593,30
53521,53597,4
53521,53598,0
53521,53703,3
53521,53704,21
53521,53705,29
53521,53706,1
53521,53711,35
53521,53713,29
53521,53714,2
53521,53715,6
53521,53716,8
53521,53717,11
53521,53718,11
53521,53719,42
53521,53726,0
53521,53792,0
53523,53508,0
53523,53515,0
53523,53516,0
53523,53517,0
53523,53521,1
53523,53523,53
53523,53527,47
53523,53528,1
53523,53529,1
53523,53531,83
53523,53532,9
53523,53534,3
53523,53544,0
53523,53555,0
53523,53558,32
53523,53559,12
53523,53560,0
53523,53562,5
53523,53571,0
53523,53572,0
53523,53574,0
53523,53575,11
53523,53583,0
53523,53589,27
53523,53590,52
53523,53593,2
53523,53594,0
53523,53597,3
53523,53598,2
53523,53703,10
53523,53704,109
53523,53705,8
53523,53706,7
53523,53711,13
53523,53713,26
53523,53714,21
53523,53715,6
53523,53716,39
53523,53717,5
53523,53718,47
53523,53719,12
53523,53726,1
53523,53792,0
53523,53911,0
53523,53925,0
53527,53508,0
53527,53515,0
53527,53521,4
53527,53523,8
53527,53527,1059
53527,53528,5
53527,53529,6
53527,53531,16
53527,53532,50
53527,53534,3
53527,53555,1
53527,53558,89
53527,53559,7
53527,53562,75
53527,53571,0
53527,53572,3
53527,53575,26
53527,53589,122
53527,53590,542
53527,53593,39
53527,53594,0
53527,53597,23
53527,53598,8
53527,53703,134
53527,53704,683
53527,53705,130
53527,53706,16
53527,53711,129
53527,53713,109
53527,53714,221
53527,53715,28
53527,53716,309
53527,53717,26
53527,53718,389
53527,53719,67
53527,53726,0
53527,53792,0
53527,53911,0
53527,53925,0
53528,53508,0
53528,53515,15
53528,53516,0
53528,53517,3
53528,53521,0
53528,53527,0
53528,53528,337
53528,53529,1
53528,53531,0
53528,53532,3
53528,53544,0
53528,53555,0
53528,53558,1
53528,53559,0
53528,53560,29
53528,53562,298
53528,53571,0
53528,53572,21
53528,53574,0
53528,53575,12
53528,53583,5
53528,53589,3
53528,53590,33
53528,53593,109
53528,53597,29
53528,53598,1
53528,53703,26
53528,53704,35
53528,53705,110
53528,53706,2
53528,53711,96
53528,53713,22
53528,53714,0
53528,53715,13
53528,53716,6
53528,53717,124
53528,53718,4
53528,53719,127
53528,53726,6
53528,53792,0
53528,53911,0
53528,53925,0
53529,53508,0
53529,53515,0
53529,53516,0
53529,53517,0
53529,53521,0
53529,53523,0
53529,53527,0
53529,53528,1
53529,53529,19
53529,53531,1
53529,53532,121
53529,53534,0
53529,53544,0
53529,53555,5
53529,53558,4
53529,53559,2
53529,53560,0
53529,53562,22
53529,53571,3
53529,53572,0
53529,53574,0
53529,53575,0
53529,53583,0
53529,53589,1
53529,53590,150
53529,53593,11
53529,53594,0
53529,53597,92
53529,53598,28
53529,53703,12
53529,53704,110
53529,53705,27
53529,53706,4
53529,53711,15
53529,53713,11
53529,53714,15
53529,53715,3
53529,53716,6
53529,53717,6
53529,53718,42
53529,53719,15
53529,53726,0
53529,53792,0
53529,53911,0
53529,53925,0
53531,53508,1
53531,53515,0
53531,53516,0
53531,53517,0
53531,53521,3
53531,53523,83
53531,53527,86
53531,53528,2
53531,53529,2
53531,53531,132
53531,53532,17
53531,53534,5
53531,53544,0
53531,53555,0
53531,53558,56
53531,53559,20
53531,53562,7
53531,53571,0
53531,53572,0
53531,53574,0
53531,53575,17
53531,53589,53
53531,53590,95
53531,53593,3
53531,53594,0
53531,53597,7
53531,53598,4
53531,53703,17
53531,53704,181
53531,53705,15
53531,53706,12
53531,53711,25
53531,53713,44
53531,53714,37
53531,53715,9
53531,53716,65
53531,53717,8
53531,53718,80
53531,53719,22
53531,53726,2
53531,53792,0
53531,53911,0
53531,53925,0
53532,53508,0
53532,53515,0
53532,53516,0
53532,53517,0
53532,53521,1
53532,53523,1
53532,53527,22
53532,53528,4
53532,53529,105
53532,53531,2
53532,53532,1368
53532,53534,0
53532,53544,0
53532,53555,26
53532,53558,25
53532,53559,15
53532,53560,0
53532,53562,63
53532,53571,15
53532,53572,13
53532,53574,0
53532,53575,7
53532,53583,1
53532,53589,20
53532,53590,980
53532,53593,25
53532,53594,0
53532,53597,233
53532,53598,154
53532,53703,153
53532,53704,835
53532,53705,158
53532,53706,10
53532,53711,110
53532,53713,67
53532,53714,129
53532,53715,44
53532,53716,82
53532,53717,31
53532,53718,268
53532,53719,87
53532,53726,5
53532,53792,0
53532,53911,0
53532,53925,0
53534,53508,0
53534,53515,1
53534,53516,0
53534,53517,0
53534,53521,5
53534,53523,3
53534,53527,7
53534,53528,0
53534,53529,0
53534,53531,5
53534,53532,1
53534,53534,30
53534,53544,0
53534,53555,0
53534,53558,16
53534,53559,0
53534,53560,2
53534,53562,2
53534,53571,0
53534,53572,3
53534,53574,0
53534,53575,8
53534,53583,0
53534,53589,72
53534,53590,18
53534,53593,1
53534,53594,0
53534,53597,0
53534,53598,0
53534,53703,6
53534,53704,9
53534,53705,4
53534,53706,0
53534,53711,7
53534,53713,9
53534,53714,0
53534,53715,0
53534,53716,9
53534,53717,4
53534,53718,10
53534,53719,0
53534,53726,0
53534,53792,0
53534,53911,0
53534,53925,0
53544,53508,0
53544,53515,0
53544,53516,0
53544,53517,0
53544,53521,0
53544,53527,0
53544,53528,0
53544,53529,0
53544,53531,0
53544,53532,0
53544,53544,0
53544,53555,0
53544,53558,0
53544,53560,0
53544,53562,0
53544,53571,0
53544,53572,0
53544,53574,0
53544,53575,0
53544,53583,0
53544,53589,0
53544,53590,0
53544,53593,0
53544,53597,0
53544,53598,0
53544,53703,0
53544,53704,0
53544,53705,0
53544,53706,0
53544,53711,0
53544,53713,0
53544,53714,0
53544,53715,0
53544,53716,0
53544,53717,0
53544,53718,0
53544,53719,0
53544,53726,0
53544,53792,0
53544,53911,0
53555,53508,0
53555,53515,0
53555,53517,0
53555,53521,0
53555,53523,0
53555,53527,0
53555,53528,1
53555,53529,5
53555,53531,0
53555,53532,31
53555,53534,0
53555,53555,1
53555,53558,0
53555,53559,0
53555,53560,0
53555,53562,3
53555,53571,0
53555,53572,1
53555,53575,0
53555,53583,0
53555,53589,0
53555,53590,36
53555,53593,2
53555,53594,0
53555,53597,16
53555,53598,7
53555,53703,2
53555,53704,23
53555,53705,6
53555,53706,1
53555,53711,1
53555,53713,1
53555,53714,2
53555,53715,0
53555,53716,1
53555,53717,1
53555,53718,10
53555,53719,3
53555,53726,0
53555,53792,0
53555,53911,0
53555,53925,0
53558,53508,2
53558,53515,0
53558,53516,0
53558,53517,0
53558,53521,8
53558,53523,7
53558,53527,20
53558,53528,0
53558,53529,1
53558,53531,12
53558,53532,20
53558,53534,0
53558,53544,0
53558,53555,0
53558,53558,937
53558,53559,0
53558,53560,0
53558,53562,42
53558,53571,0
53558,53572,5
53558,53574,0
53558,53575,82
53558,53583,0
53558,53589,103
53558,53590,118
53558,53593,35
53558,53594,0
53558,53597,3
53558,53598,2
53558,53703,136
53558,53704,355
53558,53705,97
53558,53706,16
53558,53711,136
53558,53713,256
53558,53714,91
53558,53715,69
53558,53716,254
53558,53717,22
53558,53718,186
53558,53719,97
53558,53726,3
53558,53792,0
53558,53911,0
53558,53925,0
53559,53508,0
53559,53515,0
53559,53516,0
53559,53517,1
53559,53521,1
53559,53523,3
53559,53527,22
53559,53528,0
53559,53529,2
53559,53531,5
53559,53532,33
53559,53534,3
53559,53544,0
53559,53555,0
53559,53558,4
53559,53559,388
53559,53562,10
53559,53571,0
53559,53572,0
53559,53574,0
53559,53575,1
53559,53589,7
53559,53590,510
53559,53593,5
53559,53594,13
53559,53597,22
53559,53598,4
53559,53703,47
53559,53704,198
53559,53705,12
53559,53706,7
53559,53711,30
53559,53713,31
53559,53714,41
53559,53715,9
53559,53716,21
53559,53717,20
53559,53718,84
53559,53719,12
53559,53726,0
53559,53792,0
53559,53911,0
53559,53925,14
53560,53508,0
53560,53515,63
53560,53517,3
53560,53521,0
53560,53527,2
53560,53528,45
53560,53529,0
53560,53531,0
53560,53532,0
53560,53555,0
53560,53558,3
53560,53559,2
53560,53560,111
53560,53562,66
53560,53571,0
53560,53572,24
53560,53575,0
53560,53583,0
53560,53589,1
53560,53590,11
53560,53593,30
53560,53594,0
53560,53597,24
53560,53598,0
53560,53703,11
53560,53704,6
53560,53705,46
53560,53706,2
53560,53711,38
53560,53713,1
53560,53714,4
53560,53715,6
53560,53716,4
53560,53717,32
53560,53718,4
53560,53719,65
53560,53726,1
53560,53792,0
53560,53911,0
53560,53925,0
53562,53508,1
53562,53515,4
53562,53516,0
53562,53517,2
53562,53521,3
53562,53523,1
53562,53527,7
53562,53528,105
53562,53529,4
53562,53531,2
53562,53532,10
53562,53534,0
53562,53544,0
53562,53555,0
53562,53558,15
53562,53559,0
53562,53560,9
53562,53562,2057
53562,53571,0
53562,53572,40
53562,53574,0
53562,53575,33
53562,53583,4
53562,53589,5
53562,53590,71
53562,53593,557
53562,53597,163
53562,53598,4
53562,53703,211
53562,53704,206
53562,53705,689
53562,53706,39
53562,53711,503
53562,53713,136
53562,53714,43
53562,53715,76
53562,53716,45
53562,53717,625
53562,53718,38
53562,53719,853
53562,53726,6
53562,53792,0
53562,53911,0
53571,53508,0
53571,53515,0
53571,53521,0
53571,53523,0
53571,53527,0
53571,53528,0
53571,53529,3
53571,53531,0
53571,53532,18
53571,53534,0
53571,53555,0
53571,53558,0
53571,53559,0
53571,53560,0
53571,53562,1
53571,53571,0
53571,53572,0
53571,53575,0
53571,53583,0
53571,53589,0
53571,53590,22
53571,53593,1
53571,53594,0
53571,53597,10
53571,53598,4
53571,53703,0
53571,53704,13
53571,53705,1
53571,53706,0
53571,53711,1
53571,53713,0
53571,53714,1
53571,53715,0
53571,53716,0
53571,53717,0
53571,53718,6
53571,53719,1
53571,53726,0
53571,53792,0
53571,53911,0
53571,53925,0
53572,53508,34
53572,53515,15
53572,53516,0
53572,53517,19
53572,53521,1
53572,53527,1
53572,53528,31
53572,53529,0
53572,53531,0
53572,53532,2
53572,53544,0
53572,53555,0
53572,53558,5
53572,53559,0
53572,53560,20
53572,53562,141
53572,53571,0
53572,53572,1185
53572,53574,0
53572,53575,45
53572,53583,6
53572,53589,7
53572,53590,27
53572,53593,243
53572,53597,8
53572,53598,0
53572,53703,43
53572,53704,35
53572,53705,149
53572,53706,4
53572,53711,176
53572,53713,91
53572,53714,9
53572,53715,37
53572,53716,22
53572,53717,119
53572,53718,20
53572,53719,344
53572,53726,4
53572,53792,0
53572,53911,0
53572,53925,0
53574,53508,1
53574,53515,0
53574,53516,0
53574,53517,0
53574,53521,0
53574,53527,0
53574,53528,0
53574,53529,0
53574,53531,0
53574,53532,0
53574,53544,0
53574,53555,0
53574,53558,0
53574,53560,0
53574,53562,0
53574,53571,0
53574,53572,0
53574,53574,0
53574,53575,0
53574,53583,0
53574,53589,0
53574,53590,0
53574,53593,0
53574,53597,0
53574,53598,0
53574,53703,0
53574,53704,0
53574,53705,0
53574,53706,0
53574,53711,0
53574,53713,0
53574,53714,0
53574,53715,0
53574,53716,0
53574,53717,0
53574,53718,0
53574,53719,0
53574,53726,0
53574,53792,0
53574,53911,0
53575,53508,45
53575,53515,0
53575,53516,0
53575,53517,3
53575,53521,42
53575,53523,2
53575,53527,19
53575,53528,9
53575,53529,0
53575,53531,4
53575,53532,9
53575,53534,0
53575,53544,0
53575,53555,0
53575,53558,89
53575,53559,0
53575,53560,0
53575,53562,150
53575,53571,0
53575,53572,20
53575,53574,0
53575,53575,1912
53575,53583,0
53575,53589,281
53575,53590,80
53575,53593,265
53575,53597,26
53575,53598,1
53575,53703,133
53575,53704,160
53575,53705,246
53575,53706,9
53575,53711,486
53575,53713,383
53575,53714,36
53575,53715,55
53575,53716,99
53575,53717,61
53575,53718,77
53575,53719,563
53575,53726,7
53575,53792,0
53575,53911,0
53575,53925,0
53583,53508,0
53583,53515,3
53583,53517,0
53583,53521,0
53583,53527,0
53583,53528,15
53583,53529,0
53583,53531,0
53583,53532,3
53583,53555,0
53583,53558,0
53583,53559,0
53583,53560,6
53583,53562,28
53583,53571,0
53583,53572,16
53583,53575,0
53583,53583,2
53583,53589,0
53583,53590,2
53583,53593,16
53583,53594,0
53583,53597,9
53583,53598,0
53583,53703,2
53583,53704,5
53583,53705,10
53583,53706,0
53583,53711,8
53583,53713,4
53583,53714,0
53583,53715,0
53583,53716,0
53583,53717,16
53583,53718,1
53583,53719,25
53583,53726,0
53583,53792,0
53583,53911,0
53583,53925,0
53589,53508,5
53589,53515,0
53589,53516,0
53589,53517,0
53589,53521,75
53589,53523,8
53589,53527,160
53589,53528,3
53589,53529,4
53589,53531,23
53589,53532,29
53589,53534,38
53589,53544,0
53589,53555,0
53589,53558,207
53589,53559,1
53589,53560,0
53589,53562,68
53589,53571,0
53589,53572,1
53589,53574,0
53589,53575,279
53589,53583,0
53589,53589,1859
53589,53590,175
53589,53593,70
53589,53594,0
53589,53597,36
53589,53598,7
53589,53703,127
53589,53704,364
53589,53705,132
53589,53706,10
53589,53711,155
53589,53713,180
53589,53714,77
53589,53715,64
53589,53716,250
53589,53717,42
53589,53718,140
53589,53719,142
53589,53726,7
53589,53792,0
53589,53911,0
53589,53925,0
53590,53508,2
53590,53515,1
53590,53516,0
53590,53517,2
53590,53521,2
53590,53523,0
53590,53527,135
53590,53528,26
53590,53529,32
53590,53531,1
53590,53532,334
53590,53534,3
53590,53544,0
53590,53555,7
53590,53558,59
53590,53559,48
53590,53560,2
53590,53562,97
53590,53571,2
53590,53572,12
53590,53574,0
53590,53575,39
53590,53583,0
53590,53589,33
53590,53590,6912
53590,53593,77
53590,53594,0
53590,53597,185
53590,53598,50
53590,53703,423
53590,53704,2144
53590,53705,259
53590,53706,51
53590,53711,223
53590,53713,272
53590,53714,351
53590,53715,138
53590,53716,213
53590,53717,43
53590,53718,905
53590,53719,173
53590,53726,12
53590,53792,0
53590,53911,0
53590,53925,0
53593,53508,22
53593,53515,7
53593,53516,0
53593,53517,7
53593,53521,0
53593,53523,1
53593,53527,14
53593,53528,59
53593,53529,3
53593,53531,2
53593,53532,10
53593,53534,3
53593,53544,0
53593,53555,0
53593,53558,44
53593,53559,0
53593,53560,13
53593,53562,669
53593,53571,0
53593,53572,124
53593,53574,0
53593,53575,100
53593,53583,3
53593,53589,22
53593,53590,83
53593,53593,1472
53593,53597,76
53593,53598,5
53593,53703,137
53593,53704,136
53593,53705,516
53593,53706,23
53593,53711,803
53593,53713,193
53593,53714,14
53593,53715,69
53593,53716,52
53593,53717,472
53593,53718,41
53593,53719,1526
53593,53726,6
53593,53792,0
53593,53911,0
53593,53925,0
53594,53508,0
53594,53515,0
53594,53517,0
53594,53521,0
53594,53523,0
53594,53527,0
53594,53528,0
53594,53529,0
53594,53531,0
53594,53532,0
53594,53534,0
53594,53555,0
53594,53558,0
53594,53559,13
53594,53562,0
53594,53571,0
53594,53572,0
53594,53575,0
53594,53589,0
53594,53590,13
53594,53593,0
53594,53594,0
53594,53597,0
53594,53598,0
53594,53703,0
53594,53704,4
53594,53705,0
53594,53706,0
53594,53711,0
53594,53713,0
53594,53714,0
53594,53715,0
53594,53716,0
53594,53717,0
53594,53718,1
53594,53719,0
53594,53726,0
53594,53792,0
53594,53911,0
53594,53925,0
53597,53508,6
53597,53515,2
53597,53516,0
53597,53517,1
53597,53521,2
53597,53523,1
53597,53527,8
53597,53528,31
53597,53529,44
53597,53531,1
53597,53532,240
53597,53534,0
53597,53544,0
53597,53555,7
53597,53558,7
53597,53559,2
53597,53560,3
53597,53562,607
53597,53571,5
53597,53572,12
53597,53574,0
53597,53575,12
53597,53583,3
53597,53589,15
53597,53590,495
53597,53593,221
53597,53594,0
53597,53597,2403
53597,53598,50
53597,53703,184
53597,53704,766
53597,53705,368
53597,53706,44
53597,53711,184
53597,53713,101
53597,53714,65
53597,53715,58
53597,53716,46
53597,53717,208
53597,53718,147
53597,53719,360
53597,53726,4
53597,53792,0
53597,53911,0
53597,53925,0
53598,53508,0
53598,53515,0
53598,53521,0
53598,53523,1
53598,53527,1
53598,53528,3
53598,53529,28
53598,53531,2
53598,53532,177
53598,53534,0
53598,53555,7
53598,53558,5
53598,53559,3
53598,53560,0
53598,53562,23
53598,53571,4
53598,53572,1
53598,53575,2
53598,53583,1
53598,53589,4
53598,53590,215
53598,53593,12
53598,53594,0
53598,53597,101
53598,53598,40
53598,53703,20
53598,53704,155
53598,53705,38
53598,53706,6
53598,53711,22
53598,53713,17
53598,53714,24
53598,53715,5
53598,53716,11
53598,53717,6
53598,53718,61
53598,53719,16
53598,53726,0
53598,53792,0
53598,53911,0
53598,53925,0
53703,53508,0
53703,53515,0
53703,53523,1
53703,53527,5
53703,53528,4
53703,53529,0
53703,53531,2
53703,53532,4
53703,53534,0
53703,53555,0
53703,53558,10
53703,53559,0
53703,53562,25
53703,53571,0
53703,53572,1
53703,53575,16
53703,53589,7
53703,53590,55
53703,53593,26
53703,53597,5
53703,53598,0
53703,53703,1029
53703,53704,351
53703,53705,186
53703,53706,114
53703,53711,124
53703,53713,112
53703,53714,47
53703,53715,187
53703,53716,51
53703,53717,17
53703,53718,30
53703,53719,128
53703,53726,3
53703,53792,0
53703,53911,0
53703,53925,0
53704,53508,1
53704,53515,0
53704,53516,0
53704,53517,0
53704,53521,0
53704,53523,2
53704,53527,42
53704,53528,7
53704,53529,7
53704,53531,4
53704,53532,67
53704,53534,0
53704,53544,0
53704,53555,0
53704,53558,37
53704,53559,0
53704,53560,1
53704,53562,170
53704,53571,0
53704,53572,3
53704,53574,0
53704,53575,3
53704,53583,0
53704,53589,22
53704,53590,484
53704,53593,56
53704,53594,0
53704,53597,325
53704,53598,15
53704,53703,464
53704,53704,3558
53704,53705,268
53704,53706,60
53704,53711,201
53704,53713,159
53704,53714,610
53704,53715,137
53704,53716,221
53704,53717,61
53704,53718,229
53704,53719,232
53704,53726,1
53704,53792,0
53704,53911,0
53704,53925,0
53705,53508,4
53705,53515,2
53705,53516,0
53705,53517,0
53705,53521,1
53705,53523,0
53705,53527,3
53705,53528,9
53705,53529,0
53705,53531,0
53705,53532,1
53705,53534,0
53705,53544,0
53705,53555,0
53705,53558,11
53705,53559,0
53705,53560,5
53705,53562,153
53705,53571,0
53705,53572,16
53705,53574,0
53705,53575,21
53705,53583,0
53705,53589,8
53705,53590,24
53705,53593,87
53705,53597,5
53705,53598,1
53705,53703,158
53705,53704,151
53705,53705,959
53705,53706,41
53705,53711,387
53705,53713,30
53705,53714,8
53705,53715,45
53705,53716,18
53705,53717,138
53705,53718,16
53705,53719,282
53705,53726,29
53705,53792,0
53705,53911,0
53705,53925,0
53706,53508,0
53706,53515,0
53706,53528,1
53706,53529,0
53706,53532,1
53706,53558,1
53706,53562,5
53706,53575,0
53706,53589,1
53706,53590,1
53706,53593,2
53706,53597,0
53706,53598,0
53706,53703,70
53706,53704,23
53706,53705,27
53706,53706,32
53706,53711,11
53706,53713,1
53706,53714,7
53706,53715,14
53706,53716,1
53706,53717,2
53706,53718,1
53706,53719,6
53706,53726,3
53706,53792,0
53711,53508,15
53711,53515,2
53711,53516,0
53711,53517,3
53711,53521,1
53711,53523,1
53711,53527,13
53711,53528,31
53711,53529,0
53711,53531,3
53711,53532,8
53711,53534,0
53711,53544,0
53711,53555,0
53711,53558,77
53711,53559,1
53711,53560,5
53711,53562,281
53711,53571,0
53711,53572,24
53711,53574,0
53711,53575,146
53711,53583,0
53711,53589,47
53711,53590,82
53711,53593,346
53711,53594,0
53711,53597,28
53711,53598,1
53711,53703,373
53711,53704,378
53711,53705,920
53711,53706,63
53711,53711,1984
53711,53713,722
53711,53714,72
53711,53715,229
53711,53716,120
53711,53717,293
53711,53718,74
53711,53719,1211
53711,53726,36
53711,53792,0
53711,53911,0
53711,53925,0
53713,53508,6
53713,53515,5
53713,53516,0
53713,53517,0
53713,53523,1
53713,53527,19
53713,53528,17
53713,53529,0
53713,53531,2
53713,53532,18
53713,53534,0
53713,53544,0
53713,53555,0
53713,53558,44
53713,53559,5
53713,53560,10
53713,53562,126
53713,53571,0
53713,53572,5
53713,53574,0
53713,53575,40
53713,53583,0
53713,53589,8
53713,53590,86
53713,53593,89
53713,53594,0
53713,53597,34
53713,53598,3
53713,53703,228
53713,53704,436
53713,53705,314
53713,53706,45
53713,53711,652
53713,53713,1157
53713,53714,99
53713,53715,157
53713,53716,259
53713,53717,87
53713,53718,84
53713,53719,401
53713,53726,23
53713,53792,0
53713,53911,0
53713,53925,0
53714,53508,0
53714,53515,0
53714,53516,0
53714,53517,1
53714,53523,1
53714,53527,13
53714,53528,4
53714,53529,1
53714,53531,2
53714,53532,20
53714,53534,0
53714,53544,0
53714,53555,0
53714,53558,21
53714,53559,7
53714,53560,0
53714,53562,19
53714,53571,0
53714,53572,1
53714,53574,0
53714,53575,0
53714,53583,0
53714,53589,11
53714,53590,198
53714,53593,18
53714,53594,0
53714,53597,20
53714,53598,2
53714,53703,169
53714,53704,991
53714,53705,106
53714,53706,7
53714,53711,103
53714,53713,121
53714,53714,514
53714,53715,59
53714,53716,234
53714,53717,13
53714,53718,132
53714,53719,46
53714,53726,5
53714,53792,0
53714,53911,0
53714,53925,0
53715,53508,0
53715,53515,0
53715,53517,1
53715,53521,1
53715,53527,5
53715,53528,0
53715,53529,0
53715,53531,0
53715,53532,0
53715,53555,0
53715,53558,2
53715,53559,0
53715,53560,0
53715,53562,16
53715,53572,2
53715,53575,9
53715,53583,1
53715,53589,4
53715,53590,25
53715,53593,22
53715,53597,12
53715,53598,0
53715,53703,383
53715,53704,143
53715,53705,209
53715,53706,92
53715,53711,144
53715,53713,116
53715,53714,40
53715,53715,326
53715,53716,16
53715,53717,19
53715,53718,24
53715,53719,70
53715,53726,10
53715,53792,0
53715,53925,0
53716,53508,2
53716,53515,0
53716,53516,0
53716,53517,0
53716,53521,1
53716,53523,1
53716,53527,41
53716,53528,3
53716,53529,0
53716,53531,2
53716,53532,16
53716,53534,0
53716,53544,0
53716,53555,0
53716,53558,93
53716,53559,0
53716,53562,48
53716,53571,0
53716,53572,8
53716,53574,0
53716,53575,21
53716,53589,17
53716,53590,173
53716,53593,34
53716,53594,0
53716,53597,7
53716,53598,4
53716,53703,141
53716,53704,721
53716,53705,122
53716,53706,9
53716,53711,117
53716,53713,294
53716,53714,361
53716,53715,55
53716,53716,1167
53716,53717,38
53716,53718,217
53716,53719,105
53716,53726,7
53716,53792,0
53716,53911,0
53716,53925,0
53717,53508,0
53717,53515,0
53717,53516,0
53717,53517,2
53717,53523,1
53717,53527,2
53717,53528,23
53717,53529,1
53717,53531,2
53717,53532,0
53717,53534,0
53717,53544,0
53717,53555,0
53717,53558,10
53717,53559,0
53717,53560,1
53717,53562,484
53717,53571,0
53717,53572,3
53717,53574,0
53717,53575,6
53717,53583,0
53717,53589,10
53717,53590,20
53717,53593,204
53717,53597,17
53717,53598,0
53717,53703,98
53717,53704,97
53717,53705,379
53717,53706,22
53717,53711,285
53717,53713,65
53717,53714,7
53717,53715,62
53717,53716,20
53717,53717,568
53717,53718,15
53717,53719,499
53717,53726,10
53717,53792,0
53717,53911,0
53718,53508,1
53718,53515,0
53718,53516,0
53718,53517,0
53718,53521,1
53718,53523,2
53718,53527,92
53718,53528,1
53718,53529,4
53718,53531,5
53718,53532,58
53718,53534,0
53718,53544,0
53718,53555,1
53718,53558,197
53718,53559,4
53718,53562,50
53718,53571,0
53718,53572,3
53718,53574,0
53718,53575,29
53718,53589,44
53718,53590,700
53718,53593,37
53718,53594,0
53718,53597,37
53718,53598,7
53718,53703,128
53718,53704,939
53718,53705,91
53718,53706,14
53718,53711,96
53718,53713,134
53718,53714,279
53718,53715,78
53718,53716,376
53718,53717,25
53718,53718,525
53718,53719,82
53718,53726,1
53718,53792,0
53718,53911,0
53718,53925,0
53719,53508,8
53719,53515,0
53719,53516,0
53719,53517,2
53719,53523,1
53719,53527,11
53719,53528,25
53719,53529,0
53719,53531,2
53719,53532,5
53719,53534,0
53719,53544,0
53719,53555,0
53719,53558,24
53719,53559,2
53719,53560,1
53719,53562,388
53719,53571,0
53719,53572,39
53719,53574,0
53719,53575,117
53719,53583,0
53719,53589,20
53719,53590,68
53719,53593,693
53719,53594,0
53719,53597,25
53719,53598,3
53719,53703,243
53719,53704,220
53719,53705,545
53719,53706,51
53719,53711,1100
53719,53713,383
53719,53714,40
53719,53715,95
53719,53716,69
53719,53717,515
53719,53718,48
53719,53719,1782
53719,53726,10
53719,53792,0
53719,53911,0
53719,53925,0
53726,53508,0
53726,53521,0
53726,53528,0
53726,53529,0
53726,53532,0
53726,53558,0
53726,53562,12
53726,53572,0
53726,53575,0
53726,53589,3
53726,53590,14
53726,53593,5
53726,53597,8
53726,53598,0
53726,53703,96
53726,53704,24
53726,53705,149
53726,53706,31
53726,53711,75
53726,53713,20
53726,53714,4
53726,53715,55
53726,53716,9
53726,53717,6
53726,53718,3
53726,53719,37
53726,53726,24
53726,53792,0
53792,53508,0
53792,53521,0
53792,53528,0
53792,53529,0
53792,53558,0
53792,53562,0
53792,53572,0
53792,53575,0
53792,53589,0
53792,53590,0
53792,53593,0
53792,53597,0
53792,53703,0
53792,53704,0
53792,53705,0
53792,53706,0
53792,53711,0
53792,53713,0
53792,53715,0
53792,53717,0
53792,53718,0
53792,53719,0
53792,53726,0
53792,53792,0
53911,53508,0
53911,53515,0
53911,53521,0
53911,53523,0
53911,53527,0
53911,53528,0
53911,53529,0
53911,53531,0
53911,53532,0
53911,53534,0
53911,53555,0
53911,53558,0
53911,53559,0
53911,53560,0
53911,53562,0
53911,53571,0
53911,53572,0
53911,53575,0
53911,53583,0
53911,53589,0
53911,53590,1
53911,53593,0
53911,53594,0
53911,53597,0
53911,53598,0
53911,53703,0
53911,53704,1
53911,53705,0
53911,53706,0
53911,53711,0
53911,53713,0
53911,53714,0
53911,53715,0
53911,53716,0
53911,53717,0
53911,53718,0
53911,53719,0
53911,53726,0
53911,53792,0
53911,53911,0
53911,53925,0
53925,53508,0
53925,53515,0
53925,53517,0
53925,53521,0
53925,53523,0
53925,53527,0
53925,53528,0
53925,53529,0
53925,53531,0
53925,53532,0
53925,53534,0
53925,53555,0
53925,53558,0
53925,53559,14
53925,53562,0
53925,53571,0
53925,53572,0
53925,53575,0
53925,53589,0
53925,53590,22
53925,53593,0
53925,53594,0
53925,53597,0
53925,53598,0
53925,53703,0
53925,53704,6
53925,53705,0
53925,53706,0
53925,53711,0
53925,53713,0
53925,53714,0
53925,53715,0
53925,53716,0
53925,53717,0
53925,53718,3
53925,53719,0
53925,53726,0
53925,53792,0
53925,53911,0
53925,53925,0
